matched_player_key,draft_year,source_site,mock_pick,actual_pick,mock_player,actual_player,sentence_clean,llm_scouting_relevance,is_scouting_sentence,llm_trait_families,llm_trait_quality,llm_translation_caveat,llm_true_negative_trait,llm_risk_or_context,llm_confidence,llm_short_reason,source_url,canonical_url,sentence_source_group,sentence_source_file,row_id
luigi suigo,2026,nbadraft_net,25,,Luigi Suigo,Luigi Suigo,"Luigi Suigo measured 7′ 2.75” barefoot, 289.0 lbs, 7′ 5.50” wingspan, 9′ 6.00” standing reach, but did not complete athletic testing at the 2026 NBA Draft Combine….",scouting,True,athleticism_tools,not_discussed,False,False,none,0.8,Provides physical measurements but lacks athletic testing results from the combine,https://www.nbadraft.net/nba-mock-drafts/?year-mock=2026,https://www.nbadraft.net/nba-mock-drafts/,future_2026_llm_sentence_labels_packaged_083357,sentenceish_llm_enhanced_mistral_latest_canonicalized_llm_2026_urls_mistral_20260609_083357.csv,24
luigi suigo,2026,nbadraft_net,25,,Luigi Suigo,Luigi Suigo,"Measured: 7’3″, 9’6″ standing reach, 241 lbs,7’4.75″ wingspan, 20″ standing vert, and a 27.75″ max vert at the 2024 Basketball Without Borders Europe … Measured: 7’3″ barefoot, 9’6″ standing reach, 245 lbs, 7’3.75″ wingspan, 19.25″ standing vert, 27″ max vert at the 2025 Basketball Without Borders …",scouting,True,athleticism_tools,not_discussed,False,False,none,0.8,Provides physical measurements of Luigi Suigo's athleticism tools at various events,https://www.nbadraft.net/nba-mock-drafts/?year-mock=2026,https://www.nbadraft.net/nba-mock-drafts/,future_2026_llm_sentence_labels_packaged_083357,sentenceish_llm_enhanced_mistral_latest_canonicalized_llm_2026_urls_mistral_20260609_083357.csv,24
zuby ejiofor,2026,nbadraft_net,36,,Zuby Ejiofor,Zuby Ejiofor,"Zuby Ejiofor measured 6′ 7.50” barefoot, 245.2 lbs, 7′ 2.00” wingspan, 8′ 11.00” standing reach, 34.0 no step vertical, and 38.0 max vertical at the 2026 NBA Draft Combine.",scouting,True,athleticism_tools,not_discussed,False,False,none,0.9,Provides physical measurements from the NBA Draft Combine,https://www.nbadraft.net/nba-mock-drafts/?year-mock=2026,https://www.nbadraft.net/nba-mock-drafts/,future_2026_llm_sentence_labels_packaged_083357,sentenceish_llm_enhanced_mistral_latest_canonicalized_llm_2026_urls_mistral_20260609_083357.csv,35
keyshawn hall,2026,nbadraft_net,39,,Keyshawn Hall,Keyshawn Hall,"Keyshawn Hall measured 6′ 6.00” barefoot, 227.4 lbs, 6′ 10.25” wingspan, 8′ 9.00” standing reach, 30.0 no step vertical, and 34.0 max vertical at the 2026 NBA Draft Combine.",scouting,True,athleticism_tools,not_discussed,False,False,none,0.9,Provides physical measurements from the NBA Draft Combine,https://www.nbadraft.net/nba-mock-drafts/?year-mock=2026,https://www.nbadraft.net/nba-mock-drafts/,future_2026_llm_sentence_labels_packaged_083357,sentenceish_llm_enhanced_mistral_latest_canonicalized_llm_2026_urls_mistral_20260609_083357.csv,38
ryan conwell,2026,nbadraft_net,44,,Ryan Conwell,Ryan Conwell,"Ryan Conwell measured 6′ 2.00” barefoot, 214.8 lbs, 6′ 7.00” wingspan, 8′ 0.50” standing reach, 32.5 no step vertical, and 39.5 max vertical at the 2026 NBA Draft Combine.",scouting,True,athleticism_tools,not_discussed,False,False,none,0.9,Provides physical measurements from the NBA Draft Combine,https://www.nbadraft.net/nba-mock-drafts/?year-mock=2026,https://www.nbadraft.net/nba-mock-drafts/,future_2026_llm_sentence_labels_packaged_083357,sentenceish_llm_enhanced_mistral_latest_canonicalized_llm_2026_urls_mistral_20260609_083357.csv,43
izaiyah nelson,2026,nbadraft_net,45,,Izaiyah Nelson,Izaiyah Nelson,"Izaiyah Nelson measured 6′ 8.25” barefoot, 219.4 lbs, 7′ 2.50” wingspan, 9′ 0.00” standing reach, 32.5 no step vertical, and 38.5 max vertical at the 2026 NBA Draft Combine.",scouting,True,athleticism_tools,not_discussed,False,False,none,0.9,Provides physical measurements from the NBA Draft Combine,https://www.nbadraft.net/nba-mock-drafts/?year-mock=2026,https://www.nbadraft.net/nba-mock-drafts/,future_2026_llm_sentence_labels_packaged_083357,sentenceish_llm_enhanced_mistral_latest_canonicalized_llm_2026_urls_mistral_20260609_083357.csv,44
richie saunders,2026,nbadraft_net,52,,Richie Saunders,Richie Saunders,"Richie Saunders measured 6′ 5.00” barefoot, 204.8 lbs, 6′ 8.75” wingspan, 8′ 6.50” standing reach, but did not complete athletic testing at the 2026 NBA Draft Combine.",scouting,True,athleticism_tools,not_discussed,False,False,none,0.8,Provides physical measurements but lacks athletic testing results,https://www.nbadraft.net/nba-mock-drafts/?year-mock=2026,https://www.nbadraft.net/nba-mock-drafts/,future_2026_llm_sentence_labels_packaged_083357,sentenceish_llm_enhanced_mistral_latest_canonicalized_llm_2026_urls_mistral_20260609_083357.csv,51
tobi lawal,2026,nbadraft_net,53,,Tobi Lawal,Tobi Lawal,"Tobi Lawal measured 6′ 7.25” barefoot, 214.4 lbs, 6′ 10.50” wingspan, 8′ 8.50” standing reach, 40.0 no step vertical, and 45.5 max vertical at the 2026 NBA Draft Combine.",scouting,True,athleticism_tools,not_discussed,False,False,none,0.9,Provides physical measurements from the NBA Draft Combine,https://www.nbadraft.net/nba-mock-drafts/?year-mock=2026,https://www.nbadraft.net/nba-mock-drafts/,future_2026_llm_sentence_labels_packaged_083357,sentenceish_llm_enhanced_mistral_latest_canonicalized_llm_2026_urls_mistral_20260609_083357.csv,52
rafael castro,2026,nbadraft_net,54,,Rafael Castro,Rafael Castro,"Rafael Castro measured 6′ 9.00” barefoot, 224.4 lbs, 7′ 1.25” wingspan, 9′ 1.50” standing reach, 31.0 no step vertical, and 36.5 max vertical at the 2026 NBA Draft Combine.",scouting,True,athleticism_tools,not_discussed,False,False,none,0.9,Provides physical measurements from the NBA Draft Combine,https://www.nbadraft.net/nba-mock-drafts/?year-mock=2026,https://www.nbadraft.net/nba-mock-drafts/,future_2026_llm_sentence_labels_packaged_083357,sentenceish_llm_enhanced_mistral_latest_canonicalized_llm_2026_urls_mistral_20260609_083357.csv,53
tobe awaka,2026,nbadraft_net,57,,Tobe Awaka,Tobe Awaka,"Tobe Awaka measured 6′ 8.00” barefoot, 261.4 lbs, 7′ 2.25” wingspan, 8′ 9.00” standing reach, 32.5 no step vertical, and 37.5 max vertical at the 2026 NBA Draft Combine.",scouting,True,athleticism_tools,not_discussed,False,False,none,0.9,Provides physical measurements from the NBA Draft Combine,https://www.nbadraft.net/nba-mock-drafts/?year-mock=2026,https://www.nbadraft.net/nba-mock-drafts/,future_2026_llm_sentence_labels_packaged_083357,sentenceish_llm_enhanced_mistral_latest_canonicalized_llm_2026_urls_mistral_20260609_083357.csv,56
emanuel sharp,2026,nbadraft_net,58,,Emanuel Sharp,Emanuel Sharp,"Emanuel Sharp measured 6′ 2.75” barefoot, 208.4 lbs, 6′ 3.00” wingspan, 8′ 2.50” standing reach, 27.5 no step vertical, and 33.0 max vertical at the 2026 NBA Draft Combine.",scouting,True,athleticism_tools,not_discussed,False,False,none,0.9,Provides physical measurements from the NBA Draft Combine,https://www.nbadraft.net/nba-mock-drafts/?year-mock=2026,https://www.nbadraft.net/nba-mock-drafts/,future_2026_llm_sentence_labels_packaged_083357,sentenceish_llm_enhanced_mistral_latest_canonicalized_llm_2026_urls_mistral_20260609_083357.csv,57
nick martinelli,2026,nbadraft_net,59,,Nick Martinelli,Nick Martinelli,"Nick Martinelli measured 6′ 6.50” barefoot, 223.6 lbs, 6′ 10.00” wingspan, 8′ 8.50” standing reach, 26.5 no step vertical, and 33.0 max vertical at the 2026 NBA Draft Combine.",scouting,True,athleticism_tools,not_discussed,False,False,none,0.9,Provides physical measurements from the NBA Draft Combine,https://www.nbadraft.net/nba-mock-drafts/?year-mock=2026,https://www.nbadraft.net/nba-mock-drafts/,future_2026_llm_sentence_labels_packaged_083357,sentenceish_llm_enhanced_mistral_latest_canonicalized_llm_2026_urls_mistral_20260609_083357.csv,58
zuby ejiofor,2026,espn,29,,Zuby Ejiofor,Zuby Ejiofor,"In the middle of this current competitive window, Cleveland can justify picking for need at this slot, with a number of proven veteran college players probably available at this stage of the draft.",scouting,True,,not_discussed,False,False,none,0.8,Discussion about draft pick being based on team need rather than player's individual skills,https://www.espn.com/nba/story/_/id/48790115/2026-nba-mock-draft-projecting-60-picks-post-combine-peterson-dybantsa-boozer,https://www.espn.com/nba/story/_/id/48790115/2026-nba-mock-draft-projecting-60-picks-post-combine-peterson-dybantsa-boozer,future_2026_llm_sentence_labels_packaged_083357,sentenceish_llm_enhanced_mistral_latest_canonicalized_llm_2026_urls_mistral_20260609_083357.csv,88
luigi suigo,2026,nbadraft_net,25,,Luigi Suigo,Luigi Suigo,"Luigi Suigo measured 7′ 2.75” barefoot, 289.0 lbs, 7′ 5.50” wingspan, 9′ 6.00” standing reach, but did not complete athletic testing at the 2026 NBA Draft Combine….",scouting,True,athleticism_tools,not_discussed,False,False,none,0.8,Provides physical measurements but lacks athletic testing results from the combine,https://www.nbadraft.net/nba-mock-drafts/?year-mock=2026,https://www.nbadraft.net/nba-mock-drafts/,future_2026_llm_sentence_labels_newer_085033,sentenceish_llm_enhanced_mistral_latest_canonicalized_llm_2026_urls_mistral_20260609_085033.csv,24
luigi suigo,2026,nbadraft_net,25,,Luigi Suigo,Luigi Suigo,"Measured: 7’3″, 9’6″ standing reach, 241 lbs,7’4.75″ wingspan, 20″ standing vert, and a 27.75″ max vert at the 2024 Basketball Without Borders Europe … Measured: 7’3″ barefoot, 9’6″ standing reach, 245 lbs, 7’3.75″ wingspan, 19.25″ standing vert, 27″ max vert at the 2025 Basketball Without Borders …",scouting,True,athleticism_tools,not_discussed,False,False,none,0.8,Provides physical measurements of Luigi Suigo's athleticism tools at various events,https://www.nbadraft.net/nba-mock-drafts/?year-mock=2026,https://www.nbadraft.net/nba-mock-drafts/,future_2026_llm_sentence_labels_newer_085033,sentenceish_llm_enhanced_mistral_latest_canonicalized_llm_2026_urls_mistral_20260609_085033.csv,24
zuby ejiofor,2026,nbadraft_net,36,,Zuby Ejiofor,Zuby Ejiofor,"Zuby Ejiofor measured 6′ 7.50” barefoot, 245.2 lbs, 7′ 2.00” wingspan, 8′ 11.00” standing reach, 34.0 no step vertical, and 38.0 max vertical at the 2026 NBA Draft Combine.",scouting,True,athleticism_tools,not_discussed,False,False,none,0.9,Provides physical measurements from the NBA Draft Combine,https://www.nbadraft.net/nba-mock-drafts/?year-mock=2026,https://www.nbadraft.net/nba-mock-drafts/,future_2026_llm_sentence_labels_newer_085033,sentenceish_llm_enhanced_mistral_latest_canonicalized_llm_2026_urls_mistral_20260609_085033.csv,35
keyshawn hall,2026,nbadraft_net,39,,Keyshawn Hall,Keyshawn Hall,"Keyshawn Hall measured 6′ 6.00” barefoot, 227.4 lbs, 6′ 10.25” wingspan, 8′ 9.00” standing reach, 30.0 no step vertical, and 34.0 max vertical at the 2026 NBA Draft Combine.",scouting,True,athleticism_tools,not_discussed,False,False,none,0.9,Provides physical measurements from the NBA Draft Combine,https://www.nbadraft.net/nba-mock-drafts/?year-mock=2026,https://www.nbadraft.net/nba-mock-drafts/,future_2026_llm_sentence_labels_newer_085033,sentenceish_llm_enhanced_mistral_latest_canonicalized_llm_2026_urls_mistral_20260609_085033.csv,38
ryan conwell,2026,nbadraft_net,44,,Ryan Conwell,Ryan Conwell,"Ryan Conwell measured 6′ 2.00” barefoot, 214.8 lbs, 6′ 7.00” wingspan, 8′ 0.50” standing reach, 32.5 no step vertical, and 39.5 max vertical at the 2026 NBA Draft Combine.",scouting,True,athleticism_tools,not_discussed,False,False,none,0.9,Provides physical measurements from the NBA Draft Combine,https://www.nbadraft.net/nba-mock-drafts/?year-mock=2026,https://www.nbadraft.net/nba-mock-drafts/,future_2026_llm_sentence_labels_newer_085033,sentenceish_llm_enhanced_mistral_latest_canonicalized_llm_2026_urls_mistral_20260609_085033.csv,43
izaiyah nelson,2026,nbadraft_net,45,,Izaiyah Nelson,Izaiyah Nelson,"Izaiyah Nelson measured 6′ 8.25” barefoot, 219.4 lbs, 7′ 2.50” wingspan, 9′ 0.00” standing reach, 32.5 no step vertical, and 38.5 max vertical at the 2026 NBA Draft Combine.",scouting,True,athleticism_tools,not_discussed,False,False,none,0.9,Provides physical measurements from the NBA Draft Combine,https://www.nbadraft.net/nba-mock-drafts/?year-mock=2026,https://www.nbadraft.net/nba-mock-drafts/,future_2026_llm_sentence_labels_newer_085033,sentenceish_llm_enhanced_mistral_latest_canonicalized_llm_2026_urls_mistral_20260609_085033.csv,44
richie saunders,2026,nbadraft_net,52,,Richie Saunders,Richie Saunders,"Richie Saunders measured 6′ 5.00” barefoot, 204.8 lbs, 6′ 8.75” wingspan, 8′ 6.50” standing reach, but did not complete athletic testing at the 2026 NBA Draft Combine.",scouting,True,athleticism_tools,not_discussed,False,False,none,0.8,Provides physical measurements but lacks athletic testing results,https://www.nbadraft.net/nba-mock-drafts/?year-mock=2026,https://www.nbadraft.net/nba-mock-drafts/,future_2026_llm_sentence_labels_newer_085033,sentenceish_llm_enhanced_mistral_latest_canonicalized_llm_2026_urls_mistral_20260609_085033.csv,51
tobi lawal,2026,nbadraft_net,53,,Tobi Lawal,Tobi Lawal,"Tobi Lawal measured 6′ 7.25” barefoot, 214.4 lbs, 6′ 10.50” wingspan, 8′ 8.50” standing reach, 40.0 no step vertical, and 45.5 max vertical at the 2026 NBA Draft Combine.",scouting,True,athleticism_tools,not_discussed,False,False,none,0.9,Provides physical measurements from the NBA Draft Combine,https://www.nbadraft.net/nba-mock-drafts/?year-mock=2026,https://www.nbadraft.net/nba-mock-drafts/,future_2026_llm_sentence_labels_newer_085033,sentenceish_llm_enhanced_mistral_latest_canonicalized_llm_2026_urls_mistral_20260609_085033.csv,52
rafael castro,2026,nbadraft_net,54,,Rafael Castro,Rafael Castro,"Rafael Castro measured 6′ 9.00” barefoot, 224.4 lbs, 7′ 1.25” wingspan, 9′ 1.50” standing reach, 31.0 no step vertical, and 36.5 max vertical at the 2026 NBA Draft Combine.",scouting,True,athleticism_tools,not_discussed,False,False,none,0.9,Provides physical measurements from the NBA Draft Combine,https://www.nbadraft.net/nba-mock-drafts/?year-mock=2026,https://www.nbadraft.net/nba-mock-drafts/,future_2026_llm_sentence_labels_newer_085033,sentenceish_llm_enhanced_mistral_latest_canonicalized_llm_2026_urls_mistral_20260609_085033.csv,53
tobe awaka,2026,nbadraft_net,57,,Tobe Awaka,Tobe Awaka,"Tobe Awaka measured 6′ 8.00” barefoot, 261.4 lbs, 7′ 2.25” wingspan, 8′ 9.00” standing reach, 32.5 no step vertical, and 37.5 max vertical at the 2026 NBA Draft Combine.",scouting,True,athleticism_tools,not_discussed,False,False,none,0.9,Provides physical measurements from the NBA Draft Combine,https://www.nbadraft.net/nba-mock-drafts/?year-mock=2026,https://www.nbadraft.net/nba-mock-drafts/,future_2026_llm_sentence_labels_newer_085033,sentenceish_llm_enhanced_mistral_latest_canonicalized_llm_2026_urls_mistral_20260609_085033.csv,56
emanuel sharp,2026,nbadraft_net,58,,Emanuel Sharp,Emanuel Sharp,"Emanuel Sharp measured 6′ 2.75” barefoot, 208.4 lbs, 6′ 3.00” wingspan, 8′ 2.50” standing reach, 27.5 no step vertical, and 33.0 max vertical at the 2026 NBA Draft Combine.",scouting,True,athleticism_tools,not_discussed,False,False,none,0.9,Provides physical measurements from the NBA Draft Combine,https://www.nbadraft.net/nba-mock-drafts/?year-mock=2026,https://www.nbadraft.net/nba-mock-drafts/,future_2026_llm_sentence_labels_newer_085033,sentenceish_llm_enhanced_mistral_latest_canonicalized_llm_2026_urls_mistral_20260609_085033.csv,57
nick martinelli,2026,nbadraft_net,59,,Nick Martinelli,Nick Martinelli,"Nick Martinelli measured 6′ 6.50” barefoot, 223.6 lbs, 6′ 10.00” wingspan, 8′ 8.50” standing reach, 26.5 no step vertical, and 33.0 max vertical at the 2026 NBA Draft Combine.",scouting,True,athleticism_tools,not_discussed,False,False,none,0.9,Provides physical measurements from the NBA Draft Combine,https://www.nbadraft.net/nba-mock-drafts/?year-mock=2026,https://www.nbadraft.net/nba-mock-drafts/,future_2026_llm_sentence_labels_newer_085033,sentenceish_llm_enhanced_mistral_latest_canonicalized_llm_2026_urls_mistral_20260609_085033.csv,58
zuby ejiofor,2026,espn,29,,Zuby Ejiofor,Zuby Ejiofor,"In the middle of this current competitive window, Cleveland can justify picking for need at this slot, with a number of proven veteran college players probably available at this stage of the draft.",scouting,True,,not_discussed,False,False,none,0.8,Discussion about draft pick being based on team need rather than player's individual skills,https://www.espn.com/nba/story/_/id/48790115/2026-nba-mock-draft-projecting-60-picks-post-combine-peterson-dybantsa-boozer,https://www.espn.com/nba/story/_/id/48790115/2026-nba-mock-draft-projecting-60-picks-post-combine-peterson-dybantsa-boozer,future_2026_llm_sentence_labels_newer_085033,sentenceish_llm_enhanced_mistral_latest_canonicalized_llm_2026_urls_mistral_20260609_085033.csv,88
cam carr,2026,sbnation,24,,Cam Carr,Cam Carr,"Carr is drawing interest in the 10-20 range, and he’ll probably go higher than this.",scouting,True,production_stats,positive,False,False,none,0.8,Mock draft pick indicates high potential draft position,https://www.sbnation.com/nba/1116972/nba-mock-draft-2026-rumors-workouts-predictions,https://www.sbnation.com/nba/1116972/nba-mock-draft-2026-rumors-workouts-predictions,future_2026_llm_sentence_labels_newer_085033,sentenceish_llm_enhanced_mistral_latest_canonicalized_llm_2026_urls_mistral_20260609_085033.csv,143
cam carr,2026,sbnation,24,,Cam Carr,Cam Carr,"He has obvious utility with an outstanding intersection of length (7’1 wingspan), outside shooting, and vertical athleticism (44 dunks, 3.9 percent block rate) as a 6’5 wing.",scouting,True,athleticism_tools|shooting,positive,False,False,none,0.9,"Outstanding length, shooting, and vertical athleticism as a 6'5 wing",https://www.sbnation.com/nba/1116972/nba-mock-draft-2026-rumors-workouts-predictions,https://www.sbnation.com/nba/1116972/nba-mock-draft-2026-rumors-workouts-predictions,future_2026_llm_sentence_labels_newer_085033,sentenceish_llm_enhanced_mistral_latest_canonicalized_llm_2026_urls_mistral_20260609_085033.csv,143
cam carr,2026,sbnation,24,,Cam Carr,Cam Carr,I’m a bit lower on Carr because I question his shot-creation and passing while wondering how his thin frame will hold up defensively.,scouting,True,feel_iq_passing|shooting|athleticism_tools|defense,negative,True,False,none,0.8,"Doubts about shot-creation and passing, thin frame for defense",https://www.sbnation.com/nba/1116972/nba-mock-draft-2026-rumors-workouts-predictions,https://www.sbnation.com/nba/1116972/nba-mock-draft-2026-rumors-workouts-predictions,future_2026_llm_sentence_labels_newer_085033,sentenceish_llm_enhanced_mistral_latest_canonicalized_llm_2026_urls_mistral_20260609_085033.csv,143
cam carr,2026,sbnation,24,,Cam Carr,Cam Carr,There feels like a talent drop-off after these first 24 players in this mock go off the board.,unclear,False,,not_discussed,False,False,none,0.5,"Discussion about draft order, not player traits",https://www.sbnation.com/nba/1116972/nba-mock-draft-2026-rumors-workouts-predictions,https://www.sbnation.com/nba/1116972/nba-mock-draft-2026-rumors-workouts-predictions,future_2026_llm_sentence_labels_newer_085033,sentenceish_llm_enhanced_mistral_latest_canonicalized_llm_2026_urls_mistral_20260609_085033.csv,143
zuby ejiofor,2026,sbnation,27,,Zuby Ejiofor,Zuby Ejiofor,"Ejiofor has been the busiest man on the workout circuit with 13 confirmed team workouts so far , including one with the Celtics.",scouting,True,size_frame|production_stats,not_discussed,False,False,none,0.8,Indicates high workout activity and potential team interest,https://www.sbnation.com/nba/1116972/nba-mock-draft-2026-rumors-workouts-predictions,https://www.sbnation.com/nba/1116972/nba-mock-draft-2026-rumors-workouts-predictions,future_2026_llm_sentence_labels_newer_085033,sentenceish_llm_enhanced_mistral_latest_canonicalized_llm_2026_urls_mistral_20260609_085033.csv,146
zuby ejiofor,2026,sbnation,27,,Zuby Ejiofor,Zuby Ejiofor,"John’s big man might be a tad undersized for a center, but he still has a big frame after measuring at 6’7.5 barefoot and 245 pounds with a 7’2 wingspan.",scouting,True,size_frame|athleticism_tools,positive,False,False,none,0.8,"Zuby Ejiofor has a big frame (6'7.5, 245 lbs, 7'2 wingspan), despite being undersized for a center",https://www.sbnation.com/nba/1116972/nba-mock-draft-2026-rumors-workouts-predictions,https://www.sbnation.com/nba/1116972/nba-mock-draft-2026-rumors-workouts-predictions,future_2026_llm_sentence_labels_newer_085033,sentenceish_llm_enhanced_mistral_latest_canonicalized_llm_2026_urls_mistral_20260609_085033.csv,146
zuby ejiofor,2026,sbnation,27,,Zuby Ejiofor,Zuby Ejiofor,"While he’s not a proven outside shooter yet, Ejiofor is comfortable operating with the ball in his hands as a playmaker or scoring around the rim.",scouting,True,creation_handle|finishing_touch,positive,False,False,none,0.8,Ejiofor comfortable operating with ball as playmaker or scoring around rim,https://www.sbnation.com/nba/1116972/nba-mock-draft-2026-rumors-workouts-predictions,https://www.sbnation.com/nba/1116972/nba-mock-draft-2026-rumors-workouts-predictions,future_2026_llm_sentence_labels_newer_085033,sentenceish_llm_enhanced_mistral_latest_canonicalized_llm_2026_urls_mistral_20260609_085033.csv,146
zuby ejiofor,2026,sbnation,27,,Zuby Ejiofor,Zuby Ejiofor,"He moves well for someone who is this strong, and he always showed a strong feel for the game with the Johnnies.",scouting,True,feel_iq_passing,positive,False,False,none,0.8,Demonstrates strong feel for the game,https://www.sbnation.com/nba/1116972/nba-mock-draft-2026-rumors-workouts-predictions,https://www.sbnation.com/nba/1116972/nba-mock-draft-2026-rumors-workouts-predictions,future_2026_llm_sentence_labels_newer_085033,sentenceish_llm_enhanced_mistral_latest_canonicalized_llm_2026_urls_mistral_20260609_085033.csv,146
zuby ejiofor,2026,sbnation,27,,Zuby Ejiofor,Zuby Ejiofor,He should be a premium target for every team in the mid-20s.,scouting,True,production_stats,positive,False,False,none,0.8,Indicates high draft stock in mid-20s range,https://www.sbnation.com/nba/1116972/nba-mock-draft-2026-rumors-workouts-predictions,https://www.sbnation.com/nba/1116972/nba-mock-draft-2026-rumors-workouts-predictions,future_2026_llm_sentence_labels_newer_085033,sentenceish_llm_enhanced_mistral_latest_canonicalized_llm_2026_urls_mistral_20260609_085033.csv,146
carsen edwards,2019,,32,33.0,Carsen Edwards,,"Notes: Measured 6’0 without shoes, 6’1.5 with shoes, 195 lbs, with a 6’5 wingspan and 7’9.75 standing reach at the June 2017 USA U19 tryouts",scouting,True,size_frame,not_discussed,False,False,none,0.9,Provides physical measurements from USA U19 tryouts,,,historical_llm_sentence_labels,sentenceish_llm_enhanced_mistral_latest_historical_plus_recovered_sources.csv,1071
carsen edwards,2019,nbadraft_net,32,33.0,Carsen Edwards,Carsen Edwards,"Notes: Measured 6’0 without shoes, 6’1.5 with shoes, 195 lbs, with a 6’5 wingspan and 7’9.75 standing reach at the June 2017 USA U19 tryouts",scouting,True,size_frame|athleticism_tools,not_discussed,False,False,none,0.8,Provides physical measurements from USA U19 tryouts,,https://www.nbadraft.net/nba-mock-drafts/,historical_llm_sentence_labels,sentenceish_llm_enhanced_mistral_latest_historical_plus_recovered_sources.csv,788
dash daniels,2025,nbadraft_net,21,,Dash Daniels,,"Notes: Measured: 6’5″ barefoot, 8’5″ standing reach, 199 lbs, 6’9.75″ wingspan, 29″ standing vert, 34.5″ max vert at the 2025 Basketball Without Borders …",scouting,True,athleticism_tools,not_discussed,False,False,none,0.8,"Measurables: 6'5"", 8'5"" reach, 199 lbs, 6'9.75"" wingspan, 29"" standing vert, 34.5"" max vert at the 2025 Basketball Without Borders",,https://www.nbadraft.net/nba-mock-drafts/,historical_llm_sentence_labels,sentenceish_llm_enhanced_mistral_latest_historical_plus_recovered_sources.csv,1246
tounde yessoufou,2025,nbadraft_net,23,,Tounde Yessoufou,,6’5 wing … Good length with a 6’8.5 wingspan and big hands … Massive frame with broad shoulders and filled out with strength.,scouting,True,athleticism_tools,positive,False,False,none,0.8,"Excellent length (6'8.5 wingspan), big hands, and a massive frame with broad shoulders and strength.",,https://www.nbadraft.net/nba-mock-drafts/,historical_llm_sentence_labels,sentenceish_llm_enhanced_mistral_latest_historical_plus_recovered_sources.csv,1248
tounde yessoufou,2025,nbadraft_net,23,,Tounde Yessoufou,,"Plays physical, uses his body well and plays through contact.",scouting,True,athleticism_tools,positive,False,False,none,0.8,Demonstrates physicality and body control in contact situations,,https://www.nbadraft.net/nba-mock-drafts/,historical_llm_sentence_labels,sentenceish_llm_enhanced_mistral_latest_historical_plus_recovered_sources.csv,1248
tounde yessoufou,2025,nbadraft_net,23,,Tounde Yessoufou,,Draws a lot of fouls and good free throw shooter.,scouting,True,shooting,positive,False,False,none,0.8,Effective foul drawer and reliable free throw shooter,,https://www.nbadraft.net/nba-mock-drafts/,historical_llm_sentence_labels,sentenceish_llm_enhanced_mistral_latest_historical_plus_recovered_sources.csv,1248
tounde yessoufou,2025,nbadraft_net,23,,Tounde Yessoufou,,Shot 5.7 free throws per game on 88.2% FT% at the NBPA Top 100 in 2024 … Explosive and powerful athlete.,scouting,True,athleticism_tools,positive,False,False,none,0.8,High FT% and athleticism show potential,,https://www.nbadraft.net/nba-mock-drafts/,historical_llm_sentence_labels,sentenceish_llm_enhanced_mistral_latest_historical_plus_recovered_sources.csv,1248
tounde yessoufou,2025,nbadraft_net,23,,Tounde Yessoufou,,Gets off the ground very well and doesn’t take much time to load up his jump.,scouting,True,athleticism_tools,positive,False,False,none,0.8,Excellent vertical jump and quick loading for takeoff,,https://www.nbadraft.net/nba-mock-drafts/,historical_llm_sentence_labels,sentenceish_llm_enhanced_mistral_latest_historical_plus_recovered_sources.csv,1248
tounde yessoufou,2025,nbadraft_net,23,,Tounde Yessoufou,,Quick first step … Changes direction and speed well with the ball.,scouting,True,athleticism_tools,positive,False,False,none,0.8,Demonstrates agility and speed with the ball,,https://www.nbadraft.net/nba-mock-drafts/,historical_llm_sentence_labels,sentenceish_llm_enhanced_mistral_latest_historical_plus_recovered_sources.csv,1248
tounde yessoufou,2025,nbadraft_net,23,,Tounde Yessoufou,,Solid slashing ability and can get to the rim in the half-court.,scouting,True,finishing_touch,positive,False,False,none,0.8,Demonstrates effective slashing ability and can penetrate the paint in half-court situations,,https://www.nbadraft.net/nba-mock-drafts/,historical_llm_sentence_labels,sentenceish_llm_enhanced_mistral_latest_historical_plus_recovered_sources.csv,1248
tounde yessoufou,2025,nbadraft_net,23,,Tounde Yessoufou,,"Can be difficult for defenders to keep him out of the paint … Can bully and post up smaller guards, showing a reliable fadeaway … Efficient scorer.",scouting,True,athleticism_tools|finishing_touch,positive,False,False,none,0.8,Strong post-up game and efficient scoring in the paint,,https://www.nbadraft.net/nba-mock-drafts/,historical_llm_sentence_labels,sentenceish_llm_enhanced_mistral_latest_historical_plus_recovered_sources.csv,1248
tounde yessoufou,2025,nbadraft_net,23,,Tounde Yessoufou,,Averaged a 3 rd best 22.4 points per game on 53.6% FG% at the NBPA Top 100 in 2024 … Solid court vision and passing ability … Plays bigger than his height and good rebounder for position on both ends.,scouting,True,feel_iq_passing|athleticism_tools,positive,False,False,none,0.8,"Strong scorer (22.4 ppg, 53.6% FG%) with solid vision, plays bigger than height, good rebounder for position.",,https://www.nbadraft.net/nba-mock-drafts/,historical_llm_sentence_labels,sentenceish_llm_enhanced_mistral_latest_historical_plus_recovered_sources.csv,1248
tounde yessoufou,2025,nbadraft_net,23,,Tounde Yessoufou,,"Averaged 6 (1.8 offensive) rebounds per game at the NBPA Top 100 in 2023 and 8 (3.1 offensive) rebounds per game in 2024 … Physical and versatile defender, can switch, successfully defending up and down the line up, with the quickness to stay in front of guards on the perimeter and showing comfort against much bigge...",scouting,True,athleticism_tools|defense,positive,False,False,none,0.8,Physical and versatile defender with quickness to guard both perimeter and bigger players,,https://www.nbadraft.net/nba-mock-drafts/,historical_llm_sentence_labels,sentenceish_llm_enhanced_mistral_latest_historical_plus_recovered_sources.csv,1248
tounde yessoufou,2025,nbadraft_net,23,,Tounde Yessoufou,,Defends well on and off the ball with great anticipation to deflect and jump passes to turn defense into offense.,scouting,True,defense,positive,False,False,none,0.8,Exhibits strong defensive skills with good anticipation and ball deflection ability,,https://www.nbadraft.net/nba-mock-drafts/,historical_llm_sentence_labels,sentenceish_llm_enhanced_mistral_latest_historical_plus_recovered_sources.csv,1248
tounde yessoufou,2025,nbadraft_net,23,,Tounde Yessoufou,,Averaged 1.3 steals per game at the NBPA Top 100 in 2023 and a 5 th best 1.6 steals per game in 2024.,scouting,True,defense,positive,False,False,none,0.8,Consistent high steal average at elite youth events,,https://www.nbadraft.net/nba-mock-drafts/,historical_llm_sentence_labels,sentenceish_llm_enhanced_mistral_latest_historical_plus_recovered_sources.csv,1248
tounde yessoufou,2025,nbadraft_net,23,,Tounde Yessoufou,,Blocks shots and disrupts shots when closing out well for position … Plays with good effort and aggression … Has been consistently productive in each setting he’s played in throughout his high school career …,scouting,True,defense|production_stats,positive,False,False,none,0.8,Blocks shots effectively and consistently productive throughout high school career,,https://www.nbadraft.net/nba-mock-drafts/,historical_llm_sentence_labels,sentenceish_llm_enhanced_mistral_latest_historical_plus_recovered_sources.csv,1248
tounde yessoufou,2025,nbadraft_net,23,,Tounde Yessoufou,,Has room to expand offensive game and perimeter skills as he won’t be as physically superior to his opponents at the next levels as he was throughout high school.,scouting,True,shooting,mixed,True,False,none,0.8,Offensive game and perimeter skills need improvement due to potential physical disadvantage at higher levels.,,https://www.nbadraft.net/nba-mock-drafts/,historical_llm_sentence_labels,sentenceish_llm_enhanced_mistral_latest_historical_plus_recovered_sources.csv,1248
tounde yessoufou,2025,nbadraft_net,23,,Tounde Yessoufou,,"Although he can slash a bit, he isn’t real dynamic or creative as a ball-handler and will need to add more to break down guards at the next levels … Capable of hitting shots off the dribble but can add more consistency to pull-up … Jump shooting form isn’t bad with good ball rotation and while he’s made strides, he...",scouting,True,creation_handle|shooting,mixed,True,False,none,0.8,Mixed ball-handling and shooting consistency; needs improvement in both areas.,,https://www.nbadraft.net/nba-mock-drafts/,historical_llm_sentence_labels,sentenceish_llm_enhanced_mistral_latest_historical_plus_recovered_sources.csv,1248
tounde yessoufou,2025,nbadraft_net,23,,Tounde Yessoufou,,Can be content shooting contested jumpers.,scouting,True,shooting,mixed,True,False,none,0.75,Mixed shooting ability shown in contested jumpers,,https://www.nbadraft.net/nba-mock-drafts/,historical_llm_sentence_labels,sentenceish_llm_enhanced_mistral_latest_historical_plus_recovered_sources.csv,1248
tounde yessoufou,2025,nbadraft_net,23,,Tounde Yessoufou,,"Shot 24.3% 3PT% on 4.1 3PT attempts per game at the NBPA Top 100 in 2024 … Older for his class, turned 19 in May of his senior year of high school …",scouting,True,shooting,negative,False,False,none,0.8,Low 3PT% at NBPA Top 100 (24.3%) on high volume (4.1 attempts/game),,https://www.nbadraft.net/nba-mock-drafts/,historical_llm_sentence_labels,sentenceish_llm_enhanced_mistral_latest_historical_plus_recovered_sources.csv,1248
tounde yessoufou,2025,nbadraft_net,23,,Tounde Yessoufou,,"Baylor freshman … Scored 14 points and earned MVP of the 2023 Underclassman All-American Game … Recorded 9 points and 6 steals in the 2025 McDonald’s All-American … Scored 24 points in the 2025 Nike Hoop Summit … 2025 Naismith All-American Honorable Mention … California’s high school all-time leading scorer with 3,4...",scouting,True,production_stats|athleticism_tools,positive,False,False,none,0.8,Impressive scoring stats and steals in high-profile games,,https://www.nbadraft.net/nba-mock-drafts/,historical_llm_sentence_labels,sentenceish_llm_enhanced_mistral_latest_historical_plus_recovered_sources.csv,1248
tounde yessoufou,2025,nbadraft_net,23,,Tounde Yessoufou,,"Measured 6′ 4” barefoot, 212 lbs, and a 6′ 9.0” wingspan at the 2023 Nike Elite 100 …",scouting,True,athleticism_tools,positive,False,False,none,0.8,Impressive wingspan at Nike Elite 100,,https://www.nbadraft.net/nba-mock-drafts/,historical_llm_sentence_labels,sentenceish_llm_enhanced_mistral_latest_historical_plus_recovered_sources.csv,1248
matt able,2025,nbadraft_net,25,,Matt Able,,"A well-rounded shooting guard with a strong frame, good balance, and a mature approach that belies his age … Standing 6’5” with an estimated +4 to +5 wingspan, he has the physical tools to match up with NBA wings and the mature feel of a seasoned contributor … His ambidextrous finishing ability sets him apart … He s...",scouting,True,athleticism_tools|shooting|feel_iq_passing|motor_competitiveness|production_stats,positive,False,False,none,0.8,"Well-rounded shooting guard with strong frame, mature approach, ambidextrous finishing, efficient shooting, underrated passing, smart reads, competes defensively, high-floor prospect",,https://www.nbadraft.net/nba-mock-drafts/,historical_llm_sentence_labels,sentenceish_llm_enhanced_mistral_latest_historical_plus_recovered_sources.csv,1250
matt able,2025,nbadraft_net,25,,Matt Able,,"While Able’s game is advanced for his age, he is more functionally athletic than explosively quick … He is a straight-line driver who lacks great shiftiness or change of pace in isolation … Doesn’t have a deep bag of dribble moves to create space one-on-one … Relies on strength and timing more than burst when attack...",scouting,True,athleticism_tools|shooting|feel_iq_passing|creation_handle,mixed,True,False,none,0.8,"Functionally athletic but lacks shiftiness/change of pace, average first step, unselfishness impacts shot selection, needs to improve shooting volume and handle",,https://www.nbadraft.net/nba-mock-drafts/,historical_llm_sentence_labels,sentenceish_llm_enhanced_mistral_latest_historical_plus_recovered_sources.csv,1250
matt able,2025,nbadraft_net,25,,Matt Able,,"Able enters NC State with the polish, strength, and mentality to contribute right away … His feel for the game, body control, and two-way reliability make him one of the most college-ready freshmen in the country … If he continues to build confidence as a perimeter shooter and develops more burst off the dribble, he...",scouting,True,feel_iq_passing|shooting|motor_competitiveness,positive,True,False,none,0.8,"Polish, strength, mentality, feel for game, body control, two-way reliability, mature style, efficient decision-making, competitive mindset",,https://www.nbadraft.net/nba-mock-drafts/,historical_llm_sentence_labels,sentenceish_llm_enhanced_mistral_latest_historical_plus_recovered_sources.csv,1250
matt able,2025,nbadraft_net,25,,Matt Able,,"Born July 12 … Hometown is Tampa, Florida … Attended Sagemont Prep in Weston, Florida, where he was a standout … Played AAU with Southeast Elite 3SSB … Measured at 6’5” with an estimated 6’9” wingspan … Class of 2025 prospect heading into his freshman season at NC State … Right-handed shooter who frequently finishes...",scouting,True,production_stats|athleticism_tools|shooting,not_discussed,False,False,none,0.8,"Provides biographical and college commitment details, shooting style, and position projection",,https://www.nbadraft.net/nba-mock-drafts/,historical_llm_sentence_labels,sentenceish_llm_enhanced_mistral_latest_historical_plus_recovered_sources.csv,1250
keyshawn hall,2025,nbadraft_net,31,,Keyshawn Hall,,"Notes: Keyshawn Hall measured 6′ 6.00” barefoot, 227.4 lbs, 6′ 10.25” wingspan, 8′ 9.00” standing reach, 30.0 no step vertical, and 34.0 max vertical at the 2026 NBA Draft Combine.",scouting,True,athleticism_tools,not_discussed,False,False,none,0.9,Provides measurements from the NBA Draft Combine,,https://www.nbadraft.net/nba-mock-drafts/,historical_llm_sentence_labels,sentenceish_llm_enhanced_mistral_latest_historical_plus_recovered_sources.csv,1256
pj haggerty,2025,nbadraft_net,32,,PJ Haggerty,,"Notes: PJ Haggerty measured 6′ 2.25” barefoot, 189.4 lbs, 6′ 6.50” wingspan, 8′ 1.50” standing reach with a 27.5 no step vertical and 32.0 maximum vertical at the 2025 NBA Draft Combine.",scouting,True,athleticism_tools,not_discussed,False,False,none,0.8,Provides physical measurements from the NBA Draft Combine,,https://www.nbadraft.net/nba-mock-drafts/,historical_llm_sentence_labels,sentenceish_llm_enhanced_mistral_latest_historical_plus_recovered_sources.csv,1257
ryan conwell,2025,nbadraft_net,35,,Ryan Conwell,,"Notes: Ryan Conwell measured 6′ 2.00” barefoot, 214.8 lbs, 6′ 7.00” wingspan, 8′ 0.50” standing reach, 32.5 no step vertical, and 39.5 max vertical at the 2026 NBA Draft Combine.",scouting,True,athleticism_tools,not_discussed,False,False,none,0.9,Provides physical measurements from the NBA Draft Combine,,https://www.nbadraft.net/nba-mock-drafts/,historical_llm_sentence_labels,sentenceish_llm_enhanced_mistral_latest_historical_plus_recovered_sources.csv,1260
mouhamed faye,2025,nbadraft_net,41,,Mouhamed Faye,,"Notes: Measured: 6′ 10” with shoes, 223 lbs, 7′ 5” wingspan, 9′ 2.25” standing reach, 20.75 inch standing vert at the 2024 adidas Eurocamp …",scouting,True,athleticism_tools,not_discussed,False,False,none,0.8,"Measurables mention: height, weight, wingspan, standing reach, vertical jump",,https://www.nbadraft.net/nba-mock-drafts/,historical_llm_sentence_labels,sentenceish_llm_enhanced_mistral_latest_historical_plus_recovered_sources.csv,1266
zuby ejiofor,2025,nbadraft_net,42,,Zuby Ejiofor,,"Notes: Zuby Ejiofor measured 6′ 7.50” barefoot, 245.2 lbs, 7′ 2.00” wingspan, 8′ 11.00” standing reach, 34.0 no step vertical, and 38.0 max vertical at the 2026 NBA Draft Combine.",scouting,True,athleticism_tools,not_discussed,False,False,none,0.9,Measurables report from the 2026 NBA Draft Combine,,https://www.nbadraft.net/nba-mock-drafts/,historical_llm_sentence_labels,sentenceish_llm_enhanced_mistral_latest_historical_plus_recovered_sources.csv,1267
malique lewis,2025,nbadraft_net,45,,Malique Lewis,,"Notes: Measured 6′ 6.75” barefoot, 8′ 8.50” standing reach, 209.4 lbs, 7′ 1.00” wingspan, 27 standing vert, 34 max vert at the 2024 NBA G-League Combine …",scouting,True,athleticism_tools,not_discussed,False,False,none,0.8,Measuring physical attributes at NBA G-League Combine,,https://www.nbadraft.net/nba-mock-drafts/,historical_llm_sentence_labels,sentenceish_llm_enhanced_mistral_latest_historical_plus_recovered_sources.csv,1270
ognjen srzentic,2025,nbadraft_net,46,,Ognjen Srzentic,,"Notes: Measured: 6’7.5″, 8’7″ standing reach, 188 lbs, 6’9.25″ wingspan, 24.75″ standing vert, and a 32.75″ max vert at the 2024 Basketball Without Borders Europe … Measured: 6’6.25″ barefoot, 8’7″ standing reach, 194 lbs, 6’9.75″ wingspan, 22.75″ standing vert, 31.75″ max vert at the 2025 Basketball Without Borders …",scouting,True,athleticism_tools,not_discussed,False,False,none,0.8,Provides physical measurements from multiple events,,https://www.nbadraft.net/nba-mock-drafts/,historical_llm_sentence_labels,sentenceish_llm_enhanced_mistral_latest_historical_plus_recovered_sources.csv,1271
kylan boswell,2025,nbadraft_net,50,,Kylan Boswell,,"Notes: Kylan Boswell measured 6′ 1.25” barefoot, 226.0 lbs, 6′ 7.00” wingspan, 7′ 11.00” standing reach, 33.0 no step vertical, and 38.0 max vertical at the 2026 NBA Draft Combine.",scouting,True,athleticism_tools,not_discussed,False,False,none,0.9,Provides measurements from the NBA Draft Combine,,https://www.nbadraft.net/nba-mock-drafts/,historical_llm_sentence_labels,sentenceish_llm_enhanced_mistral_latest_historical_plus_recovered_sources.csv,1275
tyon grant foster,2025,nbadraft_net,54,,Tyon Grant-Foster,,"Notes: Measured: 6′ 5.75” barefoot, 215.2 lbs, 6′ 11.75” wingspan, 8′ 8.00” standing reach at the 2024 NBA Draft Combine …",scouting,True,athleticism_tools,not_discussed,False,False,none,0.8,Measurables reported at the 2024 NBA Draft Combine,,https://www.nbadraft.net/nba-mock-drafts/,historical_llm_sentence_labels,sentenceish_llm_enhanced_mistral_latest_historical_plus_recovered_sources.csv,1279
darrion williams,2025,nbadraft_net,58,,Darrion Williams,,"Notes: Darrion Williams measured 6′ 4.50” barefoot, 236.0 lbs, 6′ 6.50” wingspan, 8′ 5.00” standing reach with a 24.0 no step vertical and 30.0 maximum vertical at the 2025 NBA Draft Combine.",scouting,True,athleticism_tools,not_discussed,False,False,none,0.9,Provides physical measurements from the NBA Draft Combine,,https://www.nbadraft.net/nba-mock-drafts/,historical_llm_sentence_labels,sentenceish_llm_enhanced_mistral_latest_historical_plus_recovered_sources.csv,1283
xaivian lee,2025,nbadraft_net,60,,Xaivian Lee,,"Notes: Measured 6′ 2.75” barefoot, 8′ 3.00” standing reach, 165 lbs, 6′ 4.25” wingspan, 28 standing vert, 36.5 max vert at the 2024 NBA G-League Combine …",scouting,True,athleticism_tools,not_discussed,False,False,none,0.8,Provides physical measurements from the 2024 NBA G-League Combine,,https://www.nbadraft.net/nba-mock-drafts/,historical_llm_sentence_labels,sentenceish_llm_enhanced_mistral_latest_historical_plus_recovered_sources.csv,1285
jalen hood schifino,2023,espn,17,,Jalen Hood-Schifino,Jalen Hood-Schifino,"The Lakers are thought to be considering several players here, including Lively, Smith and Noah Clowney, but a surprise fall from Hood-Schifino could also make him a logical choice if L.A.",unclear,False,,not_discussed,False,False,none,0.5,"Discussion about draft order and potential picks, not directly related to player's skills or weaknesses.",https://www.espn.com/nba/insider/story/_/id/37873455/2023-nba-mock-draft-latest-predictions-all-58-picks,https://www.espn.com/nba/insider/story/_/id/37873455/2023-nba-mock-draft-latest-predictions-all-58-picks,espn_2023_paste_llm_sentence_labels,espn_2023_paste_llm_enhanced_sentences.csv,20230017
jalen hood schifino,2023,espn,17,,Jalen Hood-Schifino,Jalen Hood-Schifino,"decides to keep this pick, or a viable target for another team in a trade.",unclear,False,,not_discussed,False,False,none,0.5,Discussion about potential trade scenarios,https://www.espn.com/nba/insider/story/_/id/37873455/2023-nba-mock-draft-latest-predictions-all-58-picks,https://www.espn.com/nba/insider/story/_/id/37873455/2023-nba-mock-draft-latest-predictions-all-58-picks,espn_2023_paste_llm_sentence_labels,espn_2023_paste_llm_enhanced_sentences.csv,20230017
jalen hood schifino,2023,espn,17,,Jalen Hood-Schifino,Jalen Hood-Schifino,"Coming off a run to the Western Conference finals, the Lakers can be opportunistic about where they are positioned on draft night.",unclear,False,,not_discussed,False,False,none,0.5,"Discussion about draft positioning, not directly related to player's skills or traits",https://www.espn.com/nba/insider/story/_/id/37873455/2023-nba-mock-draft-latest-predictions-all-58-picks,https://www.espn.com/nba/insider/story/_/id/37873455/2023-nba-mock-draft-latest-predictions-all-58-picks,espn_2023_paste_llm_sentence_labels,espn_2023_paste_llm_enhanced_sentences.csv,20230017
jalen hood schifino,2023,espn,17,,Jalen Hood-Schifino,Jalen Hood-Schifino,"Several high-level prospects are likely to be available here, allowing them to either add a talented young player to their core, or make an impactful trade that allows them to remain competitive heading into next season.",unclear,False,motor_competitiveness,not_discussed,False,False,none,0.7,"Discussion about draft prospects' impact on teams' competitiveness, not directly related to Jalen Hood-Schifino's scouting traits.",https://www.espn.com/nba/insider/story/_/id/37873455/2023-nba-mock-draft-latest-predictions-all-58-picks,https://www.espn.com/nba/insider/story/_/id/37873455/2023-nba-mock-draft-latest-predictions-all-58-picks,espn_2023_paste_llm_sentence_labels,espn_2023_paste_llm_enhanced_sentences.csv,20230017
