pick,expected_xrapm_first5_avg_pick_ev,expected_xrapm_peak_pick_ev,raw_mean_xrapm_avg_ev_target,raw_median_xrapm_avg_ev_target,raw_mean_xrapm_peak_ev_target,raw_median_xrapm_peak_ev_target,mature_pick_count,mature_count,no_xrapm_signal_count,no_xrapm_signal_rate,expected_prob_bust_or_no_translation,expected_prob_rotation_plus,expected_prob_starter_plus,expected_prob_star,chart_x_pick,chart_y_expected_xrapm_first5_avg,chart_y_expected_xrapm_peak
1,0.654722222222222,2.0666666666666664,0.654722222222222,1.1325,2.0666666666666664,2.8,18.0,18,0,0.0,0.2352941176470588,0.7647058823529411,0.7058823529411765,0.5882352941176471,1,0.654722222222222,2.0666666666666664
2,-0.1025925925925925,1.3592592592592594,-0.5764814814814814,-1.3199999999999998,0.8500000000000001,0.3,18.0,18,0,0.0,0.3225806451612903,0.6774193548387096,0.5161290322580645,0.2903225806451613,2,-0.1025925925925925,1.3592592592592594
3,-0.1025925925925925,1.3592592592592594,0.3553703703703703,0.81,1.8666666666666667,1.9,18.0,18,0,0.0,0.3225806451612903,0.6774193548387096,0.5161290322580645,0.2903225806451613,3,-0.1025925925925925,1.3592592592592594
4,-0.1025925925925925,1.3592592592592594,-0.0866666666666666,-0.1899999999999999,1.3611111111111112,1.4,18.0,18,0,0.0,0.3529411764705882,0.6470588235294118,0.3823529411764705,0.2352941176470588,4,-0.1025925925925925,1.3592592592592594
5,-0.846712962962963,0.7555555555555554,-0.8717592592592592,-0.855,0.7555555555555554,0.25,18.0,18,0,0.0,0.4375,0.5625,0.3823529411764705,0.2352941176470588,5,-0.846712962962963,0.7555555555555554
6,-0.846712962962963,0.4805555555555555,-0.8216666666666667,-0.9225,0.3888888888888889,0.5,18.0,18,0,0.0,0.4375,0.5625,0.2560975609756097,0.1020408163265306,6,-0.846712962962963,0.4805555555555555
7,-1.0491666666666668,0.4805555555555555,-1.0491666666666668,-1.2399999999999998,0.5722222222222223,0.25,18.0,18,0,0.0,0.5294117647058824,0.4705882352941176,0.2560975609756097,0.1020408163265306,7,-1.0491666666666668,0.4805555555555555
8,-1.203055555555555,0.0407407407407407,-1.203055555555555,-0.9600000000000002,0.0166666666666666,-0.05,18.0,18,0,0.0,0.5652173913043478,0.4347826086956521,0.2560975609756097,0.1020408163265306,8,-1.203055555555555,0.0407407407407407
9,-1.344513888888889,0.0407407407407407,-1.3750000000000002,-1.3575000000000002,0.0499999999999999,-0.15,18.0,18,0,0.0,0.5652173913043478,0.4347826086956521,0.2560975609756097,0.0923076923076923,9,-1.344513888888889,0.0407407407407407
10,-1.344513888888889,0.0407407407407407,-1.3762962962962964,-1.41,0.0555555555555555,0.0,18.0,18,0,0.0,0.5652173913043478,0.4347826086956521,0.2560975609756097,0.0923076923076923,10,-1.344513888888889,0.0407407407407407
11,-1.344513888888889,-0.0638888888888889,-1.6858333333333333,-1.985,-0.4611111111111111,-1.0,18.0,18,1,0.0555555555555555,0.5652173913043478,0.4347826086956521,0.21875,0.0923076923076923,11,-1.344513888888889,-0.0638888888888889
12,-1.344513888888889,-0.0638888888888889,-0.940925925925926,-0.8933333333333333,0.3333333333333332,0.2,18.0,18,0,0.0,0.5652173913043478,0.4347826086956521,0.21875,0.0923076923076923,12,-1.344513888888889,-0.0638888888888889
13,-1.5585185185185184,-0.1555555555555555,-1.5670370370370368,-1.625,-0.1611111111111111,-0.15,18.0,18,0,0.0,0.5652173913043478,0.4347826086956521,0.1975308641975308,0.0864197530864197,13,-1.5585185185185184,-0.1555555555555555
14,-1.5585185185185184,-0.1555555555555555,-1.6155555555555554,-1.5275,-0.2222222222222223,-0.45,18.0,18,0,0.0,0.5652173913043478,0.4347826086956521,0.1975308641975308,0.0864197530864197,14,-1.5585185185185184,-0.1555555555555555
15,-1.5585185185185184,-0.1555555555555555,-1.4929629629629633,-1.81,-0.0833333333333333,-0.7,18.0,18,0,0.0,0.6607142857142857,0.3392857142857143,0.1975308641975308,0.0864197530864197,15,-1.5585185185185184,-0.1555555555555555
16,-1.7977777777777777,-0.488888888888889,-2.198148148148148,-2.1500000000000004,-0.9166666666666669,-0.55,18.0,18,0,0.0,0.6607142857142857,0.3392857142857143,0.1975308641975308,0.0864197530864197,16,-1.7977777777777777,-0.488888888888889
17,-1.7977777777777777,-0.488888888888889,-1.5483333333333331,-2.0050000000000003,-0.0611111111111111,-0.3,18.0,18,0,0.0,0.6607142857142857,0.3392857142857143,0.1975308641975308,0.0864197530864197,17,-1.7977777777777777,-0.488888888888889
18,-1.7977777777777777,-0.5111111111111111,-2.099722222222222,-2.4675,-0.7333333333333334,-0.7,18.0,18,0,0.0,0.6607142857142857,0.3392857142857143,0.1875,0.0588235294117647,18,-1.7977777777777777,-0.5111111111111111
19,-1.7977777777777777,-0.5111111111111111,-1.838425925925926,-1.45,-0.4666666666666667,-0.4499999999999999,18.0,18,0,0.0,0.6607142857142857,0.3392857142857143,0.1875,0.0581395348837209,19,-1.7977777777777777,-0.5111111111111111
20,-1.7977777777777777,-0.5111111111111111,-1.8948148148148145,-1.6125,-0.5055555555555554,-0.5,18.0,18,0,0.0,0.6607142857142857,0.3392857142857143,0.1875,0.0581395348837209,20,-1.7977777777777777,-0.5111111111111111
21,-1.7977777777777777,-0.5111111111111111,-1.4380555555555556,-1.36,-0.3388888888888889,-0.1,18.0,18,0,0.0,0.6607142857142857,0.3392857142857143,0.1875,0.0581395348837209,21,-1.7977777777777777,-0.5111111111111111
22,-1.7977777777777777,-0.5305555555555556,-1.8332407407407405,-2.1,-0.75,-1.15,18.0,18,0,0.0,0.7045454545454546,0.2954545454545454,0.1742424242424242,0.0581395348837209,22,-1.7977777777777777,-0.5305555555555556
23,-1.7977777777777777,-0.5305555555555556,-1.5314814814814812,-1.3166666666666669,-0.3111111111111111,0.15,18.0,18,0,0.0,0.7045454545454546,0.2954545454545454,0.1742424242424242,0.0581395348837209,23,-1.7977777777777777,-0.5305555555555556
24,-1.977314814814815,-0.6652777777777777,-2.1893518518518515,-2.0500000000000003,-0.811111111111111,-0.45,18.0,18,0,0.0,0.7045454545454546,0.2954545454545454,0.1742424242424242,0.0581395348837209,24,-1.977314814814815,-0.6652777777777777
25,-1.977314814814815,-0.6652777777777777,-2.3153703703703705,-2.6708333333333334,-1.027777777777778,-1.3,18.0,18,0,0.0,0.7045454545454546,0.2954545454545454,0.1742424242424242,0.0581395348837209,25,-1.977314814814815,-0.6652777777777777
26,-1.977314814814815,-0.6652777777777777,-1.699537037037037,-1.7125,-0.3722222222222222,0.2,18.0,18,1,0.0555555555555555,0.7045454545454546,0.2954545454545454,0.1742424242424242,0.0581395348837209,26,-1.977314814814815,-0.6652777777777777
27,-1.977314814814815,-0.6652777777777777,-1.7049999999999998,-1.7125,-0.45,-0.95,18.0,18,0,0.0,0.7045454545454546,0.2954545454545454,0.1742424242424242,0.0581395348837209,27,-1.977314814814815,-0.6652777777777777
28,-2.4637037037037035,-1.2055555555555555,-2.693055555555555,-2.7375,-1.4888888888888892,-1.45,18.0,18,1,0.0555555555555555,0.7045454545454546,0.2954545454545454,0.1742424242424242,0.0581395348837209,28,-2.4637037037037035,-1.2055555555555555
29,-2.4637037037037035,-1.2055555555555555,-2.5572222222222223,-3.191666666666667,-1.2722222222222224,-2.05,18.0,18,0,0.0,0.7045454545454546,0.2954545454545454,0.1742424242424242,0.0581395348837209,29,-2.4637037037037035,-1.2055555555555555
30,-2.4637037037037035,-1.2055555555555555,-2.140833333333333,-2.725,-0.8555555555555556,-1.05,18.0,18,2,0.1111111111111111,0.7045454545454546,0.2954545454545454,0.1742424242424242,0.0581395348837209,30,-2.4637037037037035,-1.2055555555555555
31,-2.6448456790123456,-1.6876543209876542,-2.9433333333333334,-2.7333333333333334,-2.066666666666667,-2.0,18.0,18,1,0.0555555555555555,0.8287671232876712,0.1712328767123287,0.1518987341772152,0.0581395348837209,31,-2.6448456790123456,-1.6876543209876542
32,-2.6448456790123456,-1.6876543209876542,-2.925185185185185,-3.29,-1.9833333333333332,-2.2,18.0,18,0,0.0,0.8287671232876712,0.1712328767123287,0.1518987341772152,0.0581395348837209,32,-2.6448456790123456,-1.6876543209876542
33,-2.6448456790123456,-1.6876543209876542,-3.0969444444444445,-3.4400000000000004,-1.9555555555555555,-1.8,18.0,18,0,0.0,0.8287671232876712,0.1712328767123287,0.1518987341772152,0.0581395348837209,33,-2.6448456790123456,-1.6876543209876542
34,-2.6448456790123456,-1.6876543209876542,-2.1353703703703704,-2.805,-1.0333333333333334,-1.7999999999999998,18.0,18,2,0.1111111111111111,0.8287671232876712,0.1712328767123287,0.1518987341772152,0.0581395348837209,34,-2.6448456790123456,-1.6876543209876542
35,-2.6448456790123456,-1.6876543209876542,-2.625555555555556,-3.791666666666667,-1.9277777777777776,-3.35,18.0,18,3,0.1666666666666666,0.8287671232876712,0.1712328767123287,0.1518987341772152,0.0581395348837209,35,-2.6448456790123456,-1.6876543209876542
36,-2.6448456790123456,-1.6876543209876542,-2.142685185185185,-2.933333333333333,-1.2833333333333334,-2.3,18.0,18,2,0.1111111111111111,0.8287671232876712,0.1712328767123287,0.1518987341772152,0.0581395348837209,36,-2.6448456790123456,-1.6876543209876542
37,-2.6847839506172835,-1.6876543209876542,-2.8794444444444443,-2.5050000000000003,-1.9666666666666663,-1.2999999999999998,18.0,18,1,0.0555555555555555,0.8287671232876712,0.1712328767123287,0.0970873786407767,0.054054054054054,37,-2.6847839506172835,-1.6876543209876542
38,-2.6847839506172835,-1.6876543209876542,-2.521851851851851,-2.37,-1.4444444444444444,-1.0,18.0,18,0,0.0,0.8287671232876712,0.1712328767123287,0.0970873786407767,0.054054054054054,38,-2.6847839506172835,-1.6876543209876542
39,-2.6847839506172835,-1.6876543209876542,-2.6530555555555555,-3.533333333333333,-1.5277777777777777,-1.65,18.0,18,4,0.2222222222222222,0.8287671232876712,0.1712328767123287,0.0970873786407767,0.054054054054054,39,-2.6847839506172835,-1.6876543209876542
40,-2.806666666666666,-1.8666666666666667,-2.806666666666666,-2.625,-1.8666666666666667,-1.5,18.0,18,1,0.0555555555555555,0.8287671232876712,0.1712328767123287,0.0970873786407767,0.0333333333333333,40,-2.806666666666666,-1.8666666666666667
41,-2.97787037037037,-2.0722222222222224,-2.97787037037037,-3.6833333333333336,-2.0722222222222224,-3.45,18.0,18,0,0.0,0.8287671232876712,0.1712328767123287,0.0970873786407767,0.0333333333333333,41,-2.97787037037037,-2.0722222222222224
42,-3.089037037037037,-2.3455555555555554,-3.1112037037037035,-3.9875,-2.483333333333333,-3.7,18.0,18,3,0.1666666666666666,0.8333333333333334,0.1666666666666666,0.0970873786407767,0.0,42,-3.089037037037037,-2.3455555555555554
43,-3.089037037037037,-2.3455555555555554,-3.558240740740741,-4.066666666666666,-2.6833333333333336,-3.55,18.0,18,1,0.0555555555555555,0.8333333333333334,0.1666666666666666,0.0970873786407767,0.0,43,-3.089037037037037,-2.3455555555555554
44,-3.089037037037037,-2.3455555555555554,-3.2862962962962965,-3.95,-2.5500000000000003,-3.55,18.0,18,5,0.2777777777777778,0.8333333333333334,0.1666666666666666,0.0970873786407767,0.0,44,-3.089037037037037,-2.3455555555555554
45,-3.089037037037037,-2.3455555555555554,-2.6174074074074074,-2.675,-1.7555555555555555,-1.55,18.0,18,4,0.2222222222222222,0.8970588235294118,0.1029411764705882,0.0952380952380952,0.0,45,-3.089037037037037,-2.3455555555555554
46,-3.089037037037037,-2.3455555555555554,-2.872037037037037,-3.525,-2.2555555555555555,-3.25,18.0,18,3,0.1666666666666666,0.8970588235294118,0.1029411764705882,0.0952380952380952,0.0,46,-3.089037037037037,-2.3455555555555554
47,-3.102222222222222,-2.4500000000000006,-3.2814814814814817,-4.0,-2.555555555555556,-4.0,18.0,18,4,0.2222222222222222,0.8970588235294118,0.1029411764705882,0.075,0.0,47,-3.102222222222222,-2.4500000000000006
48,-3.102222222222222,-2.4500000000000006,-2.9229629629629628,-3.1,-2.344444444444445,-2.9,18.0,18,2,0.1111111111111111,0.8970588235294118,0.1029411764705882,0.075,0.0,48,-3.102222222222222,-2.4500000000000006
49,-3.615138888888888,-3.025,-3.646111111111111,-4.0,-3.033333333333333,-4.0,18.0,18,5,0.2777777777777778,0.8970588235294118,0.1029411764705882,0.075,0.0,49,-3.615138888888888,-3.025
50,-3.615138888888888,-3.025,-3.5841666666666665,-4.0,-3.0166666666666666,-4.0,18.0,18,8,0.4444444444444444,0.8970588235294118,0.1029411764705882,0.075,0.0,50,-3.615138888888888,-3.025
51,-3.775324074074074,-3.351111111111112,-3.968703703703704,-4.0,-3.7333333333333343,-4.0,18.0,18,9,0.5,0.8970588235294118,0.1029411764705882,0.075,0.0,51,-3.775324074074074,-3.351111111111112
52,-3.775324074074074,-3.351111111111112,-3.581944444444444,-4.0,-3.055555555555556,-3.85,18.0,18,3,0.1666666666666666,0.8970588235294118,0.1029411764705882,0.05,0.0,52,-3.775324074074074,-3.351111111111112
53,-3.8354938271604935,-3.351111111111112,-4.097407407407407,-4.0,-3.861111111111112,-4.0,18.0,18,6,0.3333333333333333,0.9393939393939394,0.0606060606060606,0.05,0.0,53,-3.8354938271604935,-3.351111111111112
54,-3.8354938271604935,-3.351111111111112,-3.847777777777778,-4.0,-3.45,-4.0,18.0,18,8,0.4444444444444444,0.9393939393939394,0.0606060606060606,0.05,0.0,54,-3.8354938271604935,-3.351111111111112
55,-3.8354938271604935,-3.351111111111112,-3.561296296296296,-4.0,-2.655555555555556,-3.95,18.0,18,3,0.1666666666666666,0.9393939393939394,0.0606060606060606,0.05,0.0,55,-3.8354938271604935,-3.351111111111112
56,-3.850151515151514,-3.5238636363636364,-3.9822222222222217,-4.0,-3.577777777777778,-4.0,18.0,18,6,0.3333333333333333,0.9393939393939394,0.0606060606060606,0.05,0.0,56,-3.850151515151514,-3.5238636363636364
57,-3.850151515151514,-3.5238636363636364,-3.9564814814814806,-4.0,-3.811111111111112,-4.0,18.0,18,12,0.6666666666666666,0.9393939393939394,0.0606060606060606,0.05,0.0,57,-3.850151515151514,-3.5238636363636364
58,-3.850151515151514,-3.5238636363636364,-3.724166666666666,-4.0,-3.233333333333333,-4.0,18.0,18,7,0.3888888888888889,0.9393939393939394,0.0606060606060606,0.05,0.0,58,-3.850151515151514,-3.5238636363636364
59,-3.850151515151514,-3.5238636363636364,-4.255882352941176,-4.0,-4.2294117647058815,-4.0,17.0,17,10,0.5882352941176471,1.0,0.0,0.0,0.0,59,-3.850151515151514,-3.5238636363636364
60,-3.850151515151514,-3.5238636363636364,-3.325392156862745,-4.0,-2.764705882352941,-4.0,17.0,17,7,0.4117647058823529,1.0,0.0,0.0,0.0,60,-3.850151515151514,-3.5238636363636364
